rating,votes,title
4.733990147783251,609,Aunt Norma's Rhubarb Muffins
4.792332268370607,313,Vegan Banana Muffins
4.762376237623762,202,Vegan Agave Cornbread Muffins
4.78017789072427,787,Moist Banana Muffins
4.807113259668508,14480,Banana Crumb Muffins
4.7903892150467495,4599,Banana Muffins II
4.822429906542056,963,Zucchini-Chocolate Chip Muffins
4.788863109048724,1724,Classic Bran Muffins
4.573529411764706,340,Chef John's Blueberry Muffins
4.406779661016949,59,Quinoa Muffins
4.709606986899563,458,Mini Pumpkin Butterscotch Muffins
4.769749518304431,1038,Morning Glory Muffins I
4.775075987841945,329,Toddler Muffins
4.473684210526316,1444,Pumpkin Chocolate Chip Muffins
4.5,446,Addictive Pumpkin Muffins
4.743473325766175,881,Apple Pie Muffins
4.551546391752577,194,Whole Wheat Sweet Potato Muffins
4.640873436506254,14151,To Die For Blueberry Muffins
4.686440677966102,118,Double Chocolate Cherry Muffins
4.336322869955157,892,Pumpkin Cream Cheese Muffins
4.6875,128,Corn Muffins
4.49231868524473,2799,Donut Muffins
4.635514018691588,321,Zucchini Yogurt Multigrain Muffins
4.5,14,Crab-Stuffed Corn Muffins
4.5557029177718835,754,Pumpkin Muffins II
4.477303988995874,727,English Muffins
4.555555555555555,585,Aunt Blanche's Blueberry Muffins
4.568609022556391,1064,Low-Fat Blueberry Bran Muffins
4.7894736842105265,1121,Easy Morning Glory Muffins
4.614035087719298,57,Cream Cheese-Blueberry Muffins
4.544303797468355,474,Blueberry Muffins II
4.487341772151899,1896,Apple Strudel Muffins
4.8698224852071,338,Ultimate Banana Muffins
4.48937583001328,1506,Banana Oat Muffins
4.41588785046729,214,Chocolate Chip Mini Muffins
4.595238095238095,42,Zucchini Raisin Muffins
4.765625,64,Blueberry Orange Bran Muffin
4.4619105199516325,827,Basic Corn Muffins
4.076923076923077,13,Brown Butter Pineapple Corn Muffins
4.666666666666667,39,Kid Muffins
4.50561797752809,89,Cream Cheese Filled Pumpkin Muffins
4.138888888888889,36,BBQ Pork-Stuffed Corn Muffins
4.434782608695652,851,Easy Pumpkin Muffins
4.7690417690417695,407,Pumpkin Muffins with Streusel Topping
4.666666666666667,66,Hunnybunch's Special Apple Muffins
3,2,Pistachio Muffins
4.694915254237288,59,Banana Yogurt Muffins
4.726210350584307,599,Bran Flax Muffins
4.6,75,"Easy, Speedy Corn Muffins"
4.413114754098361,610,Moist Chocolate Muffins
4.800796812749004,251,Blueberry Zucchini Muffins
4.7846715328467155,274,Roxie's Bran Muffins
4.714285714285714,7,Vegan Blueberry Muffins with Applesauce
4.695652173913044,69,Chef John's Sweet Potato Muffins
4.8,5,Pumpkin Almond Mini Muffins
4.411764705882353,17,Lemon Poppy Seed Muffins
4.697368421052632,228,Autumn Muffins
4.6630883567299755,1211,Pumpkin Apple Streusel Muffins
4.333333333333333,18,Molasses Raisin Muffins
4.318181818181818,22,Almond Poppy Seed Muffins
4.373333333333333,75,Grandmother's Muffins
4.5,2,Orange-Walnut Muffins
4.457364341085271,129,Cranberry Pumpkin Muffins
4.622222222222222,45,Carrot and Cranberry Muffins
4.619047619047619,42,Caribbean Banana Muffins
4.445205479452055,146,Blueberry Pumpkin Muffins
4.617647058823529,34,Easy English Muffins
4.475770925110132,227,Whole Wheat Pumpkin-Applesauce Muffins
4.714285714285714,49,Pumpkin Muffins with Cinnamon Streusel Topping
4.64391353811149,879,Health Nut Blueberry Muffins
4.685851318944844,417,Whole Wheat Blueberry Muffins
4.214285714285714,28,Lemony Poppy Seed Muffins
4.621621621621622,37,Peach Cobbler Muffins
4.697058823529412,340,Banana Muffins with a Crunch
4.407407407407407,27,Quick Lemon Poppy Seed Muffins
3.819672131147541,61,Spinach Cheddar Muffins
4.543478260869565,46,Keto Low-Carb Lemon Poppy Seed Muffins
4.37037037037037,270,Oat Bran Muffins
4.458333333333333,48,Oat and Blueberry Muffins
4.68,25,Healthy Sweet Potato Muffins
4.527777777777778,36,Savory Zucchini Chard Muffins
4.663484486873508,419,Pumpkin Wheat Honey Muffins
4.645833333333333,192,Rhubarb Muffins
4.5704387990762125,433,Seminary Muffins
4.428571428571429,63,Easy Pepperoni Pizza Muffins
4.677811550151976,329,Pumpkin Chip Muffins
4.5951696377228295,1739,Blueberry Cream Muffins
4.601932367149758,1035,Sarah's Banana Bread Muffins
4.65,20,Easy Pumpkin Spice Muffins
4,20,Blueberry Nut Muffins
4.779310344827586,145,Healthier Banana Crumb Muffins
4.676258992805756,278,Hearty Breakfast Muffins
4.641025641025641,39,Pumpkin-Dark Chocolate Chip Muffins
4.314586994727592,569,Raspberry Lemon Muffins
4.2406015037593985,399,Apple Muffins
4.588456712672522,797,Streusel Topped Blueberry Muffins
4.648426812585499,731,Mocha Chocolate Chip Banana Muffins
4.762962962962963,135,Easy Banana Muffins
4.693121693121693,189,Pumpkin Pie Muffins
4.153846153846154,13,Whole Wheat Oatmeal Strawberry Blueberry Muffins
4.567053854276663,947,Best of the Best Blueberry Muffins
4.470588235294118,17,Chunky Monkey Muffins
4.416666666666667,12,Valentine's Day Strawberry Muffins
4.660287081339713,209,Monkey Bread Muffins
4.284974093264249,193,Blueberry Muffins I
2.5,2,Melt-In-Your-Mouth Blueberry Muffins
4.654639175257732,194,Honey Bran Muffins
3.3636363636363638,11,Healthier Bran Muffins
4.609756097560975,123,Millet Muffins
4.3584905660377355,53,Whole30® Banana Bread Drop Muffins
4.003543586109142,1411,Chocolate Chip Muffins
4.657320872274143,321,Banana Oat Muffins with Sour Cream
4.666666666666667,3,Passover Pumpkin Muffins
4.655737704918033,183,English Muffin Bread
4.428571428571429,7,Fresh Fig Oatmeal Muffins
4.297297297297297,37,Plantain Corn Muffins
4.638403990024938,401,Jo Jo's Favorite Banana Muffins
5,1,Vegan Blueberry Muffins
4.5,2,Pumpkin Muffins with a Twist
4.545031055900621,644,Cornbread Muffins I
4.6405797101449275,345,Jumbo Fluffy Walnut Apple Muffins
4.558558558558558,111,B Muffins
4,1,Carrot Sweet Potato Muffins
4,1,Gluten-Free Teff Muffins
4.2,5,Pumpkin Yogurt Raisin Muffins
4.178507992895204,1126,Strawberry Muffins
4.166666666666667,6,Superfood Blueberry Muffins
4.7043478260869565,115,Morning Glory Muffins II
4.25,60,Maple Walnut Muffins
4.231578947368421,190,Strawberry Cinnamon Oatmeal Muffins
4,4,Scrumptious Bran Muffin
4.458333333333333,24,Sweet Corn Muffins with Real Corn
3.764705882352941,17,Kim's Virtuous Mini Pumpkin Muffins
4.633540372670807,161,Six Week Bran Muffins
4.430955993930198,659,Peach Muffins
4.586206896551724,203,Delightful Apple Spice Muffins
5,2,Honey Whole Wheat English Muffins
4.171875,64,Cinnamon Muffin in a Mug
4.231884057971015,138,Orange Oatmeal Muffins
4.181818181818182,44,Bacon Cheese Muffins
4.0476190476190474,21,Sausage and Sweet Corn Muffins
4.5396825396825395,378,Pecan Pie Muffins
4.555555555555555,90,Sweeter Muffins
4.411764705882353,17,White Chocolate Cranberry Pumpkin Muffins
3.9,10,Healthy Strawberry Muffins
3.6666666666666665,6,Easy Cheeseburger Mini Muffins
4.567441860465117,215,Carrot Oatmeal Muffins
4.6521739130434785,23,Delicious Gluten-Free Blueberry Corn Muffins
4.696629213483146,89,Chocolate Banana Muffins
4.1525423728813555,59,Sugar-Coated Muffins
4.682119205298013,151,Mango Blueberry Muffins With Coconut Streusel
5,1,Lactose-Free Banana and Blueberry Muffins
4.471354166666667,1152,Best Ever Muffins
4.495575221238938,113,Apricot Muffins
4.518032786885246,305,Best Ever Corn Muffins
4.170212765957447,141,Whole Wheat Muffins
4.518939393939394,264,Blueberry Oat Muffins
3.4285714285714284,7,Pumpkin Quinoa Muffins
4.636363636363637,99,Apple Cinnamon Zucchini Muffins
4.771929824561403,57,Paleo Coconut Muffins
2.75,4,Smoothie Breakfast Muffins
4.2,20,Eggless Peanut Butter Chocolate Muffins
4.684210526315789,76,Healthy Pumpkin Cranberry Muffins
4,6,Probiotic Chocolate Chocolate Chip Muffins
4.494186046511628,344,Jacky's Fruit and Yogurt Muffins
4.576923076923077,130,Grandma's English Muffin Bread
4.58,50,Huckleberry Muffins
4.510822510822511,231,Blueberry Streusel Muffins
4.68141592920354,113,Mini Pumpkin Muffins with Orange Drizzle
4.635294117647059,85,English Muffin Loaves
3.8333333333333335,6,Savory Sweet Potato Muffins with Bacon
4.704918032786885,61,Apple Pumpkin Muffins
4.676470588235294,68,Better Morning Glory Muffins
4.0130718954248366,153,Orange Muffins
4.625,80,Butter Tart Muffins
3.9166666666666665,12,Fudgey Peanut Butter Chip Muffins
4.515337423312883,163,Pineapple Zucchini Muffins
4.896551724137931,29,Pumpkin Apple Muffins
4.528169014084507,142,Oh My Gosh Muffins
4.479166666666667,240,Quick and Easy Oatmeal Muffins
4.815789473684211,38,Vanilla Pear Muffins
4.531746031746032,126,Buttermilk Oatmeal Muffins
4.535433070866142,127,Super Duper Zucchini Muffins
4.714285714285714,49,Bran Muffins a la Brian
4.8108108108108105,37,White Raspberry Muffins
4.481481481481482,189,Lemon Cranberry Muffins
3.3333333333333335,12,Easy-for-Kids Chocolate Muffins
4.561797752808989,89,Bran Muffins II
3.7,10,Gritty Banana Mango Corn Muffins
4.555555555555555,99,Banana Prune Muffins
2.875,8,Quinoa Muffins with Peaches and Pecans
4.625,64,Healthy Banana Cranberry Muffins
4.925925925925926,27,Judy's Pumpkin Muffins
4.025,80,Basic Buttermilk Muffins
4.384,125,Blackberry Muffins
4.45136186770428,257,Chocolate Zucchini Muffins
4.806451612903226,31,Sourdough English Muffins
4.446808510638298,235,Banana Nut Muffins
4.519607843137255,102,Dietetic Banana Nut Muffins
4.78125,32,Moist Banana Streusel Muffins
4.104105571847508,682,Easy Apple Cinnamon Muffins
3.946308724832215,149,Cranberry Muffins
4.530386740331492,181,Jordan Marsh Style Blueberry Muffins
4.638297872340425,47,Banana Blueberry Muffins with Lavender
4.571428571428571,63,Bran Muffins I
4.4186046511627906,43,Surprise Muffins
4.909090909090909,22,Sinfully Moist Banana Muffins
4.693548387096774,62,Best Yet Banana Mini Muffins
4.511904761904762,84,Vegan Apple Carrot Muffins
4.441860465116279,172,Irresistible Double Chocolate Muffins
4.4338624338624335,189,Banana Chip Muffins II
4.622222222222222,45,Quick Cranberry Pumpkin Muffins
5,6,Thanksgiving Muffins
4.535714285714286,140,Krissy's Best Ever Corn Muffins
4.777777777777778,27,Yummy Bran Muffins
4.53030303030303,66,Fresh Cherry Muffins
4.676470588235294,34,Sugarless Fruit Nut Muffins
4.425,160,Decadent Pumpkin Muffins
4.487804878048781,82,Lemon Zucchini Muffins
3.8840579710144927,69,Strawberry Cheesecake Muffins
4.472527472527473,91,Cranberry Sauce Muffins
4.76,25,Portuguese Muffins - Bolo Levedo
4.422818791946309,149,Beth's Peach-Nectarine Muffins
4.568181818181818,44,Apple Carrot Muffins
4.4,20,Beer Muffins
4.702127659574468,47,Blueberry Banana Coconut Flax Muffins
4.5813953488372094,43,Banana Oatmeal Muffins
4.393305439330544,239,Blueberry Cornmeal Muffins
4.645161290322581,31,Gingerbread-Pear Muffins
3.380952380952381,21,Eggless Whole Wheat Muffins
4.47887323943662,71,Pumpkin Nut Muffins
4.543478260869565,46,Napoleon's Banana Muffin
4.655172413793103,29,Saskatoon Berry Oat Muffins
4.519230769230769,52,Five Spice Muffins
4.6,35,Date Flecked Orange Muffins
4.5,58,Perfect Butternut Squash Muffins
4.531914893617022,47,Awesome Blueberry Muffins
4.564102564102564,39,Irish Soda Bread Muffins
4.381502890173411,173,October Oatmeal Pumpkin Muffins
4.647058823529412,102,Most Requested Banana Chocolate Chip Muffins
5,2,Gingerbread Muffins
4.5,6,Mormon Muffins
4.55,40,Muesli-Applesauce Muffins
4.5,4,Persimmon Muffins
4.777777777777778,18,Simple Pina Colada Muffins
4.538461538461538,39,Savory Zucchini Muffins
5,1,Acorn Muffin
5,1,Bumbleberry Muffins
4.8125,16,Banana Walnut Cranberry Muffins
4.681818181818182,22,Pineapple Upside-Down Muffins
4.555555555555555,36,"Carrot, Apple, and Zucchini Muffins"
4.436619718309859,71,Healthier To Die For Blueberry Muffins
4.370689655172414,116,Sweet-Potato Muffins
4.625,24,Pineapple Ricotta Muffins
4.666666666666667,21,Easy Monkey Bread Muffins
4.8,15,Bran Muffins with Applesauce
4.769230769230769,13,Perfect Pumpkin Muffins
4,1,Plum Muffins
4.342644320297952,537,French Breakfast Muffins
4.636363636363637,88,Deep Dark Old Recipe Bran Muffins
4.583333333333333,24,Gluten Free Blueberry Muffins
4.619047619047619,21,Gluten-Free Pumpkin Muffins
4.23404255319149,47,Fruit Muffins
4.833333333333333,12,Banana and Persimmon Cinnamon Muffins
4.486486486486487,37,Lemon Crumb Muffins Recipe
4.516129032258065,31,Drunk Monkey Muffins
4.222222222222222,36,Mulberry Muffins
4.3463414634146345,205,Cinnamon Streusel Orange Muffins
3.9107142857142856,112,Easy Jam Muffins
4.5,32,Rhubarb Crisp Muffins
3,1,Seaweed Muffins
3,1,Date Muffins
4.257731958762887,97,Mini Southwestern Corn Pup Muffins with Fiesta Dipping Sauce
4.818181818181818,11,Banana Strawberry Muffins
3.5,2,Cannoli Muffins
4.251461988304094,171,Doughnut Muffins
3.6666666666666665,3,Teff Muffins
4.75,12,Green Power Muffins
4.413043478260869,46,Spiced Pumpkin Molasses Muffins
5,10,Raspberry Lemonade Stevia Muffins
4.875,8,Pumpkin-Banana-Oat Muffins
4.451612903225806,31,Butter Tart Muffins with Raisins
4.666666666666667,12,Moist Cranberry Pecan Muffins
4.5,22,Apple Streusel Bran Muffins
3.788732394366197,71,Streusel-Topped Muffins
5,6,Chocolate-Banana Muffins
4.615384615384615,13,Cute Cranberry Tangerine Muffins
4.344827586206897,87,Sugar and Spice Muffins
4.739130434782608,23,"Summer Peach, Basil & Cheddar Muffins"
4.7,10,Chocolate Beet Muffins
4.528301886792453,53,Best Lactose Free Blueberry Muffins
4.336363636363636,110,Fresh Cranberry Muffins
4.382978723404255,47,Cheddar Cheese Muffins
4.322916666666667,192,Berry Oatmeal Muffins
4.509433962264151,53,Blueberry Oatmeal Chia Seed Muffins
4.666666666666667,9,Berry Lemon Muffins
4.636363636363637,11,Christmas Morning Casserole Muffins
4.777777777777778,9,No-Knead English Muffin Loaves
4.3076923076923075,312,Chocolate Chip Banana Muffins
5,5,Delicious Sweet Potato Muffins
4.593220338983051,59,Farm Fresh Zucchini Cranberry Nut Muffins
4.833333333333333,6,Chia Seed Muffins
4.833333333333333,6,Spiced Zucchini Carrot Muffins
4.653846153846154,26,Light Pumpkin Chocolate Chip Muffins
4.6,10,Lemon Verbena-Blueberry Muffins
4.306930693069307,202,Strawberry Oat Muffins
4.777777777777778,18,White Chocolate Pumpkin Spice Muffins
4.714285714285714,7,Banana and Flax Seed Muffins
4.714285714285714,7,Homemade English Muffins
4.62962962962963,27,Mini Chocolate Chip Pumpkin Muffins
4.423913043478261,92,Blueberry Nut Oat Bran Muffins
5,4,Carrot Pulp Muffins
5,4,Oatmeal-Banana Muffins
5,4,Honey-Pecan Mini Muffins
4.545454545454546,11,Shannon's Banana Coconut Muffins
5,23,Gluten-Free Banana Walnut Chia Muffins
4.8125,16,Chocolate Chip Banana Nut Muffins
4.766666666666667,30,Marvelous Mini Mexican Quiches
4.625,8,Pumpkin Spinach Toddler Muffins
4.409090909090909,22,Butternut Squash and Cranberry Muffins
4.310344827586207,116,Molasses Bran Muffins
4.5,46,Whole Wheat Blueberry Beet Muffins
4.8,5,Bright Day Banana Muffins
4.5,12,Almond Coconut Muffins
4.363636363636363,33,Berry-Blue Corn Muffins
3.830769230769231,65,Brown Sugar Instant Oatmeal Muffins
4.461538461538462,13,Hearty Whole Grain Muffins
5,3,Kabocha Squash Mini Muffins
5,3,Chocolaty Beet Muffins
5,3,"Apple, Carrot, and Chia Muffins"
5,3,Pumpkin Spelt Muffins
4.379310344827586,29,Molasses Spice Muffins
4.428571428571429,14,Spicy Cornbread Mini-Muffins
4.333333333333333,39,Pumpkin Spice Coffee Muffins
4.2893617021276595,235,Poppy Seed Muffins
4.388888888888889,18,Lighter Banana Crumb Muffins
4.75,4,Healthy Strawberry Banana Muffins
4.75,4,Tuxedoville's Rhubarb Muffins
4.75,4,Chocolate Pumpkin Muffins
4.275510204081633,392,Banana Chip Muffins I
4.5,8,Ginger Pear Muffins
4.3,80,Apple Cinnamon Muffins
3.875,16,Multigrain Muffins
4.281588447653429,554,Lighter Banana Muffins
4.6,5,White Chocolate Chip Muffins
4.280205655526992,389,Banana Muffins I
4.444444444444445,9,Quinoa Squash Muffins
5,2,Carrot Pulp and Pineapple Muffins
5,2,"Yogurt, Banana, and Pear Muffins"
5,2,Pumpkin-Chocolate Muffins
5,2,Cornbread-Jalapeno Muffins
5,2,Chocolate Spelt Muffins
4.384615384615385,13,Miniature Apple Muffins
4.448979591836735,49,Avocado Banana and Walnut Muffins
4.5,6,Eggnog Rum Muffins
4.5,6,Blueberry Skyr Muffins
3.5555555555555554,9,Pumpkin Muffins
3.5555555555555554,9,Mocha Muffins
4.363636363636363,11,Cappuccino Muffins with Chocolate and Cranberries
4.363636363636363,11,Great Apple and Carrot Muffins
4.363636363636363,11,Easy Honey Cornbread Muffins
4.333333333333333,15,Edna's Banana Cranberry Muffins
4.5,4,"Apple, Carrot, and Ginger Muffins"
4.5,4,Chocolate Espresso Banana Muffins
4.375,8,"Spam®, Cheese, and Spinach Muffins"
5,1,Pomegranate White Chocolate Muffins
5,1,Caramel Banana Poke Muffins
5,1,"Cranberry Jalapeno ""Cornbread"" Muffins"
5,1,Sweet Potato Protein Muffins
5,1,Quick Vegan Blueberry Muffins
5,1,Bran Cereal Fruit Muffins
5,1,Light Apple Stuffing Muffins
5,1,Applesauce Raisin Muffins
5,2,Apple-Oatmeal Muffins
5,1,Healthier Fresh Strawberry Muffins
5,1,Banana Choco-Coconut Muffins
5,1,Healthy Vegan Morning Muffins
5,1,White Chocolate-Lime Muffins
5,1,Banana Breakfast Muffins
5,1,Cinnamon-Pecan Muffins
5,1,Carrot-Walnut Muffins
5,1,Whole Wheat Strawberry Muffins
5,1,Vegan Strawberry Muffins
5,1,Sourdough Blueberry Muffins
4.3125,16,Delicious Blackberry Muffins
4.714285714285714,14,World's Best Lemon Blueberry Muffins
4.4,5,Peach and Cranberry Muffins
4.4,5,Applesauce Bran Muffins
4.333333333333333,9,Delicious Vegan Spelt Muffins
4.5,2,Glazed Lemon Blueberry Muffins
4.5,2,Fresh Strawberry Muffins
4.5,2,Apple Cider Streusel Muffins
4.5,2,Honey Nut Fruit Muffins
4.333333333333333,6,Avocado-Banana-Walnut Muffins
4.428571428571429,7,Cranberry-Orange Muffins
4.268656716417911,67,Poppy Seed and Banana Muffins
4.888888888888889,9,Whole Wheat Banana Oat Muffins
4.294117647058823,34,Microwave English Muffin Bread
4.333333333333333,3,Jay's Blueberry Corn Muffins
4.333333333333333,3,Vegan Zucchini Bread Muffins
4.333333333333333,3,Cheesy Kale Muffins
4.333333333333333,3,Ricotta-Blueberry Muffins
4.263414634146342,205,Fudgy Chocolate Chip Muffins
4.285714285714286,7,Pumpkin Spice Zucchini Muffins
4.2,5,Cran-Orange Oatmeal Muffins
4.25,4,Coconut Coffee Muffins
4.25,4,Delicious Vegan Pumpkin Muffins
5,7,Vegan Date Sweet Potato Muffins
4.25,8,Sticky Pecan Muffins
4.176470588235294,17,Chocolate Chip and Blueberry Muffins
4.256756756756757,74,Blueberry Crumb Muffins
4.425742574257426,202,Healthy Banana Chocolate Chip Oat Muffins
4.5,24,Lemon Cranberry Whole Wheat Muffins
4,1,Quinoa High Protein Muffins
4,1,Blueberry Banana Nut Muffins
4,1,Gingerbread S'mores Muffins
4,1,Oatmeal Breakfast Muffins
4,1,Marbled Chocolate-Pumpkin Muffins
4,1,Orange Spice Muffins
2.5,2,Almond Flour Lemon Muffins
NaN,0,Cranberry Oatmeal Muffins
4.222222222222222,9,Blueberry Bran Muffins
4,2,Fresh Cherry Lemon Muffins
4,2,Healthy and Delicious Kiwi Muffins
4,2,Cheesy Asparagus Caper Muffins
4,2,Banana-Walnut Muffins
4,2,Air Fryer Blueberry Muffins
4,2,Jeweled Pancake Muffins - Puffins
4.255274261603375,474,Easy Oatmeal Muffins
4,3,Refrigerator Bran Muffins
4,3,Zestos' Chickpea and Grape Muffins
4.181818181818182,11,Holiday Mincemeat Muffins
4.2105263157894735,19,Blueberry Streusel Muffins with Yogurt
4,4,Tropical Zucchini Carrot Muffins
4,4,Savoury Beet Muffins
4,4,Texas Lime in the Coconut Muffins
4.125,8,Wild Blackberry Muffins
4.125,8,Almond-Poppy Seed Muffins
4.125,8,Almond Banana Chocolate Muffins
4.208333333333333,24,Date Oat Muffins
4.52542372881356,59,Banana Blueberry Almond Flour Muffins (Gluten-Free)
4.2,25,Tasty Orange-Oatmeal Muffins
4,5,Rice Zucchini Muffins
3,1,Nutty Yogi Banana Muffins
3,1,Banana Cranberry Nut Muffins
3,1,Mother's Pecan Pancake Muffins
3,1,Butternut Squash Pecan Muffins
3,1,Steel-Cut Oat Muffins
4.2405063291139244,79,Whole Grain Banana Muffins
5,5,Cheesy Grain-Free Protein Muffins
4.142857142857143,14,Rhubarb Muffins I
3.5,2,Vanilla-Pear Muffins
3.5,2,Chocolate-Ricotta Muffins
3.5,2,"Blueberry, Lime, and Basil Muffins"
4.666666666666667,9,Easy Whole Wheat Banana Muffins
4.205128205128205,39,Carrot Cake Muffins
4.24,350,Oat Applesauce Muffins
4.220588235294118,68,Pina Colada Muffins
4,7,Cherry Cobbler Muffins
3.6666666666666665,3,Nutty Raspberry Chocolate Muffins
3.6666666666666665,3,Carrot-Apple Muffins
4.45,20,Jumbo Whole Wheat Blueberry Muffins
3.625,16,Sprinkles Muffins
4,8,Cantaloupe Muffins with Praline Topping
3.75,4,Apple Crisp Muffins
3.75,4,Chocolate Sponge Cake Muffins
4.545454545454546,11,Greek Yogurt Poppy Seed Muffins
4.444444444444445,18,Low-Fat Apple Spice Muffins
4.076923076923077,13,Blueberry Delight Muffins
3.8,5,Chive and Dill Muffins
3.8,5,Blueberry Muffins on Steroids
2,1,Hot Buttered Rum Muffins
2,1,Coffee Cake Muffins
2,1,Lemony Banana Crumb Muffins
4.111111111111111,18,Mini Pecan Pie Muffins
4.8,5,"Vegan Date, Walnut, and Zucchini Muffins"
4.161290322580645,31,Apple Nut Muffins
3.8333333333333335,6,Friendship Cocoa Muffins
4.166666666666667,24,Banana Pancake Muffins
3,2,Hazelnut Chocolate Chunk Muffins
3,2,Savory Fall Corn Muffins
3,2,Banana-Nut Muffins
3,2,Sunrise Mango-Coconut Muffins
4.193548387096774,62,Alan's Ultimate Bran Muffins
4.185185185185185,54,Lemon Yogurt Muffins
3.3333333333333335,3,Fran's Butternut Squash Muffins
5,3,Coconut Mango Muffins with Candied Ginger
3.9411764705882355,17,Fresh Mango Muffins
4.0625,16,Cornbread Muffins with Cheddar Cheese
4.3428571428571425,35,Lemon Poppyseed Muffins with Lemon Glaze
4.205882352941177,102,Berry Cornmeal Muffins
4.316666666666666,60,Aunt B's Peanut Butter Muffins
4.75,4,Picky Kids Healthy Banana Muffins
4.090909090909091,22,Healthy Chocolate Morning Muffins
3.6,5,Vegan Oat Flour Muffins
4.111111111111111,27,Cherry Nut Muffins
4.371308016877637,237,Fluffy Carrot Muffins with Cream Cheese Frosting
4.6,5,Cake Mix Pumpkin Bread and Muffins
4.6,5,Cinnamon Chip Pumpkin Mini Muffins
4.155555555555556,45,Orange Chocolate Muffins
3.6666666666666665,6,V's Apple Bran Muffins
5,2,Pumpkin Pie-Oat Flour Muffins
5,2,Almond Flour Chocolate Chip Muffins
2.5,2,Gluten Free Pumpkin Muffins
4.211567732115677,657,Oatmeal Chocolate Chip Muffins
3.909090909090909,11,Carrot Cream Cheese Muffins
4.210810810810811,185,Cranberry Applesauce Muffins
3.7142857142857144,7,Chocolate Filled Muffins
4,16,Paleo Blueberry Lemon Muffins
3,3,Sweet Butternut Squash Muffins
4.666666666666667,3,Sweet Potato Muffins with Pecan Streusel
3.75,4,Actually Healthy Morning Glory Muffins
4.166666666666667,66,Raspberry Almond Muffins
4.204968944099379,161,Mennonite Orange Muffins
4.2,160,Bacon Cheddar Chive Muffins
3.75,8,Fennel Corn Muffin
4.076923076923077,26,Happy Apple Zucchini Muffins
4.179775280898877,89,Bran Muffins III
4.183673469387755,98,Oatmeal Apple Muffins
3.25,4,Bear's Spinach Muffins
3.7777777777777777,9,Brown Butter Oatmeal Muffins
4.375,8,Jumbo Sour Cream Blueberry Muffins
3.4,5,Diabetic-Friendly Coconut Muffins
5,1,Whole Wheat Huckleberry Crumb Muffins
5,1,Paleo and Vegan Sunflower Banana Muffins
5,1,Maple Brown Sugar Oatmeal Muffins
5,1,Apple Cinnamon Cream Cheese Muffins
5,1,Low-Carb Keto Breakfast Muffins
5,1,Vegan Lemon-Poppy Seed Muffins
5,1,Raspberry-White Chocolate Chip Muffins
3.8,10,Banana-Date Muffins
4.079754601226994,163,Jam Muffins
4.5,2,Pumpkin Gut Chocolate Chip Muffins
4.5,2,Gluten-Free Zucchini Carrot Muffins
4.5,2,Sourdough Amaranth Wheat English Muffins
4.5,2,Banana Almond Chocolate Chip Muffins
4.168421052631579,95,Blueberry Peach Muffins
4.3,10,Easy Pumpkin Cinnamon Chip Muffins
4.285714285714286,14,Best Leftover Cranberry Sauce Muffins
4.15,60,Vegan Corn Muffins
3.1176470588235294,34,Delish Coconut Muffins
4.265822784810126,79,Carrot Cake Muffins with Cinnamon Glaze
4.266666666666667,60,Emily's Famous Banana Oat Muffins
5,1,One-Bowl Carrot Oat Muffins
4.333333333333333,3,Cornmeal Millet Poppy Seed Muffins
4.333333333333333,3,Zucchini-Lemon-Poppy Seed Muffins
4.337209302325581,516,Mimi's Giant Whole-Wheat Banana-Strawberry Muffins
4.150943396226415,53,Apple Bran Muffins
4.081081081081081,37,Golden Coconut Almond Muffins
3.6666666666666665,9,Best Oatmeal Muffins
4.25,4,Banana-Blueberry Muffins with Greek Yogurt
3.857142857142857,14,Microwave Blueberry Muffin in a Mug
4,1,Whole Wheat Date Nut Muffins
4,1,Pumpkin Blueberry Cashew Chocolate Muffins
4.230769230769231,13,Vegan Zucchini Banana Bread Muffins
3.5714285714285716,7,Strawberry Rhubarb Muffins
4.238095238095238,21,Babs' Lemon Poppy Seed Muffins
3.727272727272727,11,Diabetic-Friendly Apple Muffins
3.9056603773584904,53,Pizza Muffins
4,2,Vegan Orange Chocolate Oatmeal Muffins
4.166666666666667,6,Coconut Flour Banana Nut Muffins
3.8461538461538463,13,Deliciously Moist Pineapple Muffins
4.818181818181818,11,Laura's Gluten- and Dairy-Free Pumpkin Muffins
3.5,8,Irish Whiskey Muffins
4,3,Vegan Zucchini Carrot Muffins with Applesauce
4,3,"Easy, Fast Chocolate Cup Muffin"
4.051282051282051,39,Green Tea Muffins
4.125,8,Whole Grain Carrot Peach Muffins
4.416666666666667,24,Pancake Poppers
3.7,30,Cheddar Muffins
3.8,15,Easy Brown Sugar Muffins
3.8,15,Whole Wheat and Nuts Muffins
4.8,10,Delicious and Nutritious Whole Wheat Banana and Blueberry Muffins
4.111111111111111,9,Lower-Carb Banana Protein Muffins
4.111111111111111,9,Apple Bran Muffins from Mott's®
3,1,Allergen-Free Raisin-Carrot Muffins
3,1,High-Fiber Maple Brekkie Muffins
3.8125,16,Strawberry-Blueberry Muffins
3.5,2,Gluten-Free Banana Oatmeal Muffins
3.2857142857142856,7,Cherry Vanilla Chip Muffins
3.375,8,Wine Cooler Muffins
3.076923076923077,13,Calypso Muffins
3.6666666666666665,3,Pumpkin Spice Healthy Bran Muffins
3.6666666666666665,3,Chocolate Chip Carrot Cake Muffins
4.4,25,Cranberry Orange Muffins with Truvia® Baking Blend
3.75,4,Savory Quinoa Muffins (Gluten-Free)
4.0576923076923075,52,Black and Blueberry Muffins
3,6,Bran-Gingerum Muffins
4.026143790849673,153,Breakfast Muffins
4.44,25,Gluten-Free Choc Chip Oatmeal Muffins
3.789473684210526,19,Caramelized Oatmeal Raisin Muffins
3.3333333333333335,3,Betsy's Best Gluten-Free Muffins
4,37,Orange Raisin Muffins
4.227154046997389,383,Chocolate Chocolate Chip Nut Muffins
3.875,8,Gluten-Free Cherry Cobbler Muffins
4.183333333333334,60,Best 100 Calorie Blueberry Muffins
3.8181818181818183,22,Orange Date Muffins
3.6,5,Double Oat Raisin Poppyseed Muffins
3.9411764705882355,34,Blueberry Cream Cheese Muffins
3.8260869565217392,23,Ice Cream Muffins
3.896551724137931,29,Sour Cream Muffins
3.8620689655172415,58,Maple Muffins
3.6666666666666665,6,Sour Cream Coffee Cake Muffins
3,7,Applesauce Orange Poppyseed Muffins
2.5,2,Yummy Peanut Butter Apple Muffins
4.526791927627,1437,Chocolate Chip Cookie Dough + Cupcake = The BEST Cupcake.  Ever.
3.7142857142857144,7,Old-Fashioned Sally Lunn Muffins
4.085106382978723,94,Applesauce-Oat Muffins
3.8461538461538463,26,Cranberry Apple Breakfast Muffins
5,3,"Toasted Oat Muffins with Apricots, Dates, and Walnuts"
3.6470588235294117,17,Awesome Apple Muffins
3.914285714285714,35,Coffee Praline Muffins
2.857142857142857,7,Plum Oat Muffins
2,2,Healthy Protein Morning Glory Muffins
4.384615384615385,13,Delicious Banana Vegan Muffins (Sugar Free)
4.106508875739645,169,Chocolate Chocolate Chip Muffins
4.536752136752137,585,Pumpkin Spice Cupcakes
3.6666666666666665,9,"White Chocolate, Fruit, and Spice Muffins"
4.666666666666667,3,Banana Coconut Flaxseed Muffins with Apple and Chia
3.347826086956522,23,Applesauce Muffins
4.375,8,Strawberry Poppy Seed Cream Cheese Muffins
3.111111111111111,9,Bran Muffins with Coffee
5,1,Gluten-Free Pumpkin Chocolate Chip Muffins
5,1,Whole Wheat Pumpkin Coffee Cake Muffins
5,1,GF Chocolate Chip Greek Yogurt Muffins
4.043956043956044,91,Apple Lemon with Cinnamon Muffins
3.769230769230769,13,Banana Mango Muffins with Lime Glaze
4.1066666666666665,225,Florida Strawberry Muffins
3.7083333333333335,24,Pear-a-dise Muffins
4.081632653061225,49,Low-Cholesterol Blueberry Muffins II
3.625,200,Lemon Muffins
3.9855072463768115,69,Savory Breakfast Muffins
4,1,Dairy-Free Breakfast Blueberry Cheesecake Muffins
4,1,Healthy Whole Wheat Spiced Pumpkin Muffins
4,1,Skinny Pumpkin Spice Muffins with Walnut Streusel
4.543103448275862,348,Brownie Batter + Cupcake = The SECOND BEST Cupcake.  Ever
4,2,Gluten-Free Vegan Banana Bread Muffins
4.059701492537314,134,Cornbread Muffins II
1.25,4,Fall Apple Cider Muffins
3.92,25,"Savory Sausage, Cheese and Oat Muffins"
4.142857142857143,7,Wicked Whole Wheat Orange Carrot Muffins
2.1666666666666665,6,Vegan Vegetable Muffins
4.242424242424242,33,Low-Fat Vegan Pumpkin Chocolate Chip Muffins
3.3333333333333335,15,Lemon Honey Muffins
4.113425925925926,432,Oatmeal Blueberry Muffins
4.153846153846154,13,Peanut Butter Chocolate Chip Zucchini Muffins
4.111111111111111,9,Savory Lower-Carb Butternut Squash Muffins
3,1,Low-Carb Coconut Flax Mug Muffins
3.25,8,Paleo(ish) Pumpkin Walnut Muffins
2,1,Easy Pancake Mix Muffins with Pumpkin and Ginger
3.6153846153846154,26,Cinnamon Bran Muffins
3,2,Low-Fat Chocolate Zucchini Mini Muffins
3.607142857142857,28,Carrot Spice Muffins
4.052631578947368,19,Carrot Morning Glory Muffins (Gluten Free Optional)
3.380952380952381,21,Healthy Pumpkin Zucchini Muffins
3.0714285714285716,14,Banana Chocolate Meal-in-a-Muffin
2.5,14,Pineapple Muffins
3,3,Lemon Poppy Seed Muffins with Truvia® Baking Blend
3,3,Healthier Deep Dark Old Recipe Bran Muffins
3.3333333333333335,12,Orange Juice Muffins with Honey Spread
3.9027777777777777,72,Oatmeal Maple Syrup Muffins
3.5555555555555554,27,Vegan Banana Blueberry Muffins
3.625,32,Dark Carrot Raisin Muffins
3.880952380952381,42,Whole Wheat Carrot-Raisin Muffins
4.571428571428571,7,"Maple Pecan Muffins (Vegan, Gluten-Free, Dairy-Free)"
3.958677685950413,121,Savory Cheddar Zucchini Muffins
4.010989010989011,91,Low Fat Apple Bran Muffins
4,85,Barb's Pumpkin Chocolate Chip Muffins
4.621951219512195,82,Chef John's Popovers
3.375,24,Strawberry Nut Muffins
4.142857142857143,98,No-Sugar-Added Blueberry and Banana Wheat Muffins
3.9245283018867925,106,Bran Flakes Muffins with Raisins
3.880952380952381,84,Savory Corn Muffins
3.9819277108433737,166,Strawberry Lemon Muffins
3.8333333333333335,66,Honey Wheat Muffins
3.2,20,Apple Bran Cheddar Muffins
3.9833333333333334,180,Spiced Butternut Squash Muffins
3.4642857142857144,28,Rhubarb Muffins II
4.333333333333333,6,"Eggless Blueberry Muffins with Applesauce, Almond Milk, and Almond Flour"
4.775,40,Real Pistachio Cupcakes
4.436213991769547,486,Cream Filled Cupcakes
4.597402597402597,77,Prime Rib Au Jus with Yorkshire Pudding
4,1,"Raspberry Orange Muffins (Gluten Free, Dairy Free, Vegan)"
3.5609756097560976,41,Chocolate Chip Muffins II
3.5,34,Chocolate Raisin Oatmeal Muffins
3.8028169014084505,71,Spiced Peach Oatmeal Muffins
3.28,25,Strawberry Lemonade Muffins
3.557377049180328,61,Carrot Muffins
4.621212121212121,66,Fabulous Fargozas
3.9239130434782608,184,Delicious Pineapple Muffins
3.375,32,Chocolate Chip Muffins with Applesauce
3.9464285714285716,112,Chocolate Chip Cream Cheese Muffins
4.288135593220339,59,Corn Dog Bites
4.633333333333334,30,Pumpkin Tarts
2.625,8,Almond Flour Blueberry Muffins (Gluten Free)
3.96505376344086,372,Alienated Blueberry Muffins
3.8588235294117648,85,Lemon Poppy Seed Muffins II
3.742857142857143,35,Gluten-Free Blueberry Muffins made with Coconut Flour
3.1481481481481484,27,Pumpkin Muffins I
3.9004524886877827,221,Chocolate Chip Muffins I
3.107142857142857,28,Applesauce Wheat Blueberry Muffins
4.674887892376682,446,Apple Banana Cupcakes
2.84,25,Brunch Cream Cheese Muffins
3.212121212121212,33,Spiced Apple Muffins
4.376,250,Apple Crisp Cups
2.5,18,Protein Pumpkin Muffins
3.936936936936937,222,Lemon Poppy Seed Muffins I
3.74025974025974,77,Nora's Special Chocolate Chip Muffins
3.096774193548387,31,Chocolate Chip Sourdough Muffins
3.8057142857142856,175,Peanut Butter Banana Muffins
3.15,20,Fat Free Mini Prune Honey Muffins
4.5625,16,Paleo Jelly Donut Cupcakes
3.4719101123595504,89,Zucchini Muffins
1.7777777777777777,18,Coconut Muffins
4.605381165919282,446,Self-Filled Cupcakes I
3.1538461538461537,13,"Get-Up-and-Go Muffins with Greek Yogurt, Oatmeal, and Blueberries"
4.45,20,Easy and Delicious Crusty Popovers
4.75,4,Easy Halloween Mummy Cupcakes
3,4,Easter Bird Nest Cupcakes
4.327272727272727,55,REALLY Real Strawberry Cupcakes
4.28,25,PBJ Cupcakes - Berry Cupcakes with Peanut Butter Frosting
4.4,10,Boston Creme Mini-Cupcakes
4.6072507552870094,331,Muffin Tin Potatoes Gratin
4.25,4,Fruity Mini Cupcakes
3.6052631578947367,114,Quick and Easy Apple Muffins
2.5925925925925926,27,Choice Apple and Banana Muffins
3.774907749077491,271,Banana Blueberry Muffins
3.933333333333333,15,Dianne's Pumpkin Cookie Cups
3,1,Strawberry Rhubarb Miniature Tarts
4,6,Strawberry-Chocolate Mini Cupcakes with White Chocolate Ganache
3,2,Dinner Rolls Made With Healthy Coconut Oil
4.726027397260274,73,"""Zuccotto"" Cupcakes"
3.577777777777778,135,Whole Wheat Apple Muffins
3.5284552845528454,123,Very Berry Muffins
2.6666666666666665,33,Freshly Fresh Strawberry Muffins
4.616161616161616,99,Zucchini Raspberry Cupcakes
3.1639344262295084,61,Buttermilk Cornbread Muffins
4.451800232288037,861,Black Bottom Cupcakes I
4.833333333333333,36,Sticky Date Pudding
4.673076923076923,52,Pot Pie Cupcakes
3.6590163934426227,305,Easy Blueberry Muffins I
4.513761467889908,109,Cakes In A Cone
3.51006711409396,149,Pumpkin Spice Muffins
4.821428571428571,28,Mamon (Sponge Cakes)
4.774193548387097,31,Blender Yorkshire Pudding
4.412698412698413,252,French Breakfast Puffs
4.462365591397849,93,Monkey Bread Made Easy
4.625,32,Apple Oatmeal Breakfast Cups
4.7073170731707314,369,Banana Bran Muffins
4.516129032258065,31,Chesscakes
4.541666666666667,24,Swedish Toscas (Swedish Almond Tarts)
4.52,25,Creamy Chocolate Cupcakes
4.6923076923076925,13,Whole Wheat Crumpets
4.6,15,Brownie Cups
3.2280701754385963,114,Banana Chocolate Chip Muffins
4.75,8,Gluten-Free Dark Chocolate Cupcakes
4.413793103448276,29,Boston Cream Dessert Cups
4.296296296296297,27,Coconut Cupcakes
5,2,Chocolate Cherry Coconut Scuffins
5,2,Banana Chocolate Chip Cake Bites
4.32,25,Worm Cake
4.428571428571429,7,Ice Cream Cupcakes
4.5,2,Sasa's Chocolate Peanut Butter Protein Bites
4.166666666666667,30,Pineapple Puffs
4.333333333333333,3,Applesauce Puffs
4.2592592592592595,54,Easy Doughnut Puffs
4.25,8,Dreamy White Chip Cup Cakes
4.2,5,Creepy Halloween Skull Cupcakes
4.253012048192771,83,Cone Cupcakes
4.235294117647059,17,Healthy Aussie Bites™
4,2,Portugal Cakes
4.166666666666667,6,Green Egg and Ham Cups
4.166666666666667,6,Butterfly Buns
4.214285714285714,28,Self-Filled Cupcakes II
4.228070175438597,57,Salad Dressing Cupcakes
4.153846153846154,13,Nana's Yorkshire Pudding
4,7,Chocolate Muck Muck Cake
3,2,Skinny Cornbread
3.436619718309859,355,Awesome Carrot Muffins
2,2,Quinoa Raisin Breakfast Bites
4.038461538461538,26,Zucchini Chocolate Chip Cupcakes
3.4285714285714284,7,Deb's Cloverleaf Rolls
3.5,8,Hazelnut Truffle Cupcakes
3,8,Classic Red Velvet Cupcakes
1.8,5,Thanksgiving Leftovers Cupcakes
3.2666666666666666,15,Blueberry Gems
4.056818181818182,176,Real Strawberry Cupcakes
3.985611510791367,139,Rainbow Cupcakes
4.545454545454546,55,Banana Zucchini Bread Muffins
4.9375,16,Blueberry Muffin Cake
3.7721518987341773,79,Angel Food Cupcakes
4.461538461538462,52,Paleo One-Minute Muffin
2,11,Chocolate Hazelnut Cupcakes
4,9,Cheeseburger Muffins
4.538461538461538,13,Breakfast Corn Muffins
4.666666666666667,3,Rice Cooker Muffin Cake
4.4,10,Mini Corn Dog Muffins
5,1,Heart-Shaped Pancake Muffins
5,1,Green Chile Corn Muffins
4,3,No-Knead English Muffin Bread
3,1,Egg Quinoa Breakfast Muffins
4.142857142857143,14,Chocolate Protein Muffins
2,1,Ham and Cheddar Corn Muffins
3.909090909090909,11,Honey Cornbread Muffins
5,1,Sheet Pan Blueberry Muffin Tops
2,2,Pub Peanut Muffins
4,2,Easy Pumpkin Muffins (Low-Fat)
3.5,78,Chocolate Fudge Cupcakes
4.067796610169491,59,Corn Muffin Pancakes
3.8,10,Pumpkin Coconut Muffins with Chocolate Chips
5,1,Mini Bacon-Jalapeno-Onion Corn Muffins
3.711864406779661,295,Cupcake Princess' Vanilla Cupcakes
3.5833333333333335,24,Tuna Salad Muffins
3.7777777777777777,9,Gluten-Free Zucchini Bread (or Muffins)
2.6,5,Quick N' Easy Coffee Cake or Muffins
NaN,0,Banana Brownie Muffins
NaN,0,Chocolate Brownie Cupcake
NaN,0,Molasses Carrot Muffins
NaN,0,Dragon Eye Muffins
NaN,0,Dairy- and Gluten-Free Zucchini Orange Chocolate Chip Muffins
NaN,0,Amazing Vegan Pumpkin Muffins
NaN,0,Tony V's Vegan Pumpkin Muffins
NaN,0,Quinoa Zucchini Protein Muffins
NaN,0,Fruit and Fiber Energy Muffins
NaN,0,Golden Oatmeal Muffins
NaN,0,Strawberry Vanilla Muffins with Toasted Coconut Cream Cheese Frosting
NaN,0,Peanut Butter Pound Cake Muffins
NaN,0,Lychee Muffins
NaN,0,Allergy-Friendly Green Banana Muffins
NaN,0,Blood Orange and Pineapple Muffins
NaN,0,Protein Brownie Bran Muffins
NaN,0,Fresh Pear-Almond Muffins
NaN,0,Toddler Power Muffins
NaN,0,Pumpkin Cheesecake Muffins
NaN,0,Gluten-Free Vegan Banana Chocolate Chip Muffins
NaN,0,Vegan Apple-Nut Muffins (Gluten Free)
NaN,0,Gluten-Free Chocolate Chip Pumpkin Muffins
NaN,0,Perfect Pear Muffins
NaN,0,Easy Miniature Pumpkin Pies
NaN,0,Walnut and Flax Seed Muffins
NaN,0,Lactose-Free Apple and Cinnamon Muffins
NaN,0,Cranberry Bran Flax Seed Muffins
NaN,0,Deb's Clean-Eating Lemon-Blueberry Muffins
NaN,0,Clean Eatin' Banana Muffins
NaN,0,Moistest Sugar-Free Zucchini Muffins Ever
NaN,0,Paleo Chocolate Chip Muffins
NaN,0,Easy Orange Paleo Muffins
NaN,0,Pancake Muffin Combo
NaN,0,Protein Pumpkin Blender Muffins
NaN,0,Pumpkin Cornbread Muffins
NaN,0,Fudge Muffins
NaN,0,Cranberry Chocolate Orange Muffins
NaN,0,Panettone Muffins with Chocolate
NaN,0,Gluten-Free Muffins
NaN,0,Gooey Vegan Strawberry Muffins
NaN,0,Gluten-free Fruit and Grain Muffins
NaN,0,Spicy Squash Muffins
NaN,0,Spicy Apricot Squash Muffins
NaN,0,Quick and Easy Pumpkin Cupcakes
NaN,0,Vegan Carrot Cake Muffins
NaN,0,Gluten-Free Pumpkin Spice Muffins
NaN,0,Muffins a la Chataigne et Banane Caramelisee (Chestnut and Caramelized Banana Muffins)
NaN,0,Anna's Banana Cacao-Nut Muffins
NaN,0,Dandelion Blossom Muffins with Chocolate Chips
NaN,0,Gluten-Free Carrot Egg White Muffins
NaN,0,Banana-Oat Egg White Muffins
NaN,0,Low-Fat Breakfast Muffins
NaN,0,Vegan Rhubarb Bran Muffins
NaN,0,Breeze Blueberry Muffins
NaN,0,Lunch Box Cheeky Monkey Muffins
NaN,0,Sweet Spinach Muffins
NaN,0,Not-So-Sweet Spinach Muffins
NaN,0,Squash Cornbread
NaN,0,Kid-Friendly Whole Grain Banana Muffins
NaN,0,Vegan Pumpkin Muffins
NaN,0,Best Bake Sale Banana Muffins
NaN,0,Egg and Veggie Muffins
NaN,0,Double Chocolate Muffins
NaN,0,Buttermilk-Oatmeal-Raisin Muffins
NaN,0,Ghirardelli Double Chocolate Muffins
NaN,0,Cran Bran Muffins
NaN,0,Talia's Allergen-Free Banana Muffins
NaN,0,Gluten-Free Hemp Seed-Apple Muffins
NaN,0,Vegan Sugar and Spice Muffins
